MaAnh,MaSP,Anh,Error_Message
1,1,images/asus_g15_main.jpg,TenFileAnh không được để trống.
2,1,images/asus_g15_side.jpg,TenFileAnh không được để trống.
3,2,images/dell_xps13_main.jpg,TenFileAnh không được để trống.
4,3,images/hp_pavilion15_main.jpg,TenFileAnh không được để trống.
5,4,images/acer_aspire7_main.jpg,TenFileAnh không được để trống.
6,6,images/logitech_g102.jpg,TenFileAnh không được để trống.
7,7,images/keychron_k2.jpg,TenFileAnh không được để trống.
1,1,images/asus_g15_main.jpg,TenFileAnh không được để trống.
2,1,images/asus_g15_side.jpg,TenFileAnh không được để trống.
3,2,images/dell_xps13_main.jpg,TenFileAnh không được để trống.
4,3,images/hp_pavilion15_main.jpg,TenFileAnh không được để trống.
5,4,images/acer_aspire7_main.jpg,TenFileAnh không được để trống.
6,6,images/logitech_g102.jpg,TenFileAnh không được để trống.
7,7,images/keychron_k2.jpg,TenFileAnh không được để trống.
